Workbook

Sheet Comparison
B2: Astral · ARB H Reference | C2: Astral · ARB Outer Reference | D2: Astral · ARB Outer Reference | E2: Astral · ARB Outer Reference | F2: Astral · ARB Outer Reference | G2: Astral · ARB Outer Reference | H2: Astral · ARB Outer Reference | I2: Astral · ARB Outer Reference | J2: Astral · ARB Outer Reference | K2: Astral · ARB Outer Reference | L2: Astral · ARB Outer Reference | M2: Astral · ARB Outer Reference | N2: Astral · ARB Outer Reference
B3: Astral · ARB Outer Reference | C3: Astral · ARB Outer Reference | D3: Astral · ARB Outer Reference | E3: Astral · ARB Outer Reference | F3: Astral · ARB Outer Reference | G3: Astral · ARB Outer Reference | H3: Astral · ARB Outer Reference | I3: Astral · ARB Outer Reference | J3: Astral · ARB Outer Reference | K3: Astral · ARB Outer Reference | L3: Astral · ARB Outer Reference | M3: Astral · ARB Outer Reference | N3: Astral · ARB Outer Reference
B4: 区间等效轮端刚度 · 整段角运动比 · 对侧轮固定 | C4: 区间等效轮端刚度 · 整段角运动比 · 对侧轮固定 | D4: 区间等效轮端刚度 · 整段角运动比 · 对侧轮固定 | E4: 区间等效轮端刚度 · 整段角运动比 · 对侧轮固定 | F4: 区间等效轮端刚度 · 整段角运动比 · 对侧轮固定 | G4: 区间等效轮端刚度 · 整段角运动比 · 对侧轮固定 | H4: 区间等效轮端刚度 · 整段角运动比 · 对侧轮固定 | I4: 区间等效轮端刚度 · 整段角运动比 · 对侧轮固定 | J4: 区间等效轮端刚度 · 整段角运动比 · 对侧轮固定 | K4: 区间等效轮端刚度 · 整段角运动比 · 对侧轮固定 | L4: 区间等效轮端刚度 · 整段角运动比 · 对侧轮固定 | M4: 区间等效轮端刚度 · 整段角运动比 · 对侧轮固定 | N4: 区间等效轮端刚度 · 整段角运动比 · 对侧轮固定
B5: =IF(COUNT(Samples!H6:J9)=0,"待补节点坐标；暂无刚度结果。","")
B49: 整段角运动比换算值；不代表行程内每一位置的瞬时刚度。 | C49: 整段角运动比换算值；不代表行程内每一位置的瞬时刚度。 | D49: 整段角运动比换算值；不代表行程内每一位置的瞬时刚度。 | E49: 整段角运动比换算值；不代表行程内每一位置的瞬时刚度。 | F49: 整段角运动比换算值；不代表行程内每一位置的瞬时刚度。 | G49: 整段角运动比换算值；不代表行程内每一位置的瞬时刚度。 | H49: 整段角运动比换算值；不代表行程内每一位置的瞬时刚度。 | I49: 整段角运动比换算值；不代表行程内每一位置的瞬时刚度。 | J49: 整段角运动比换算值；不代表行程内每一位置的瞬时刚度。 | K49: 整段角运动比换算值；不代表行程内每一位置的瞬时刚度。 | L49: 整段角运动比换算值；不代表行程内每一位置的瞬时刚度。 | M49: 整段角运动比换算值；不代表行程内每一位置的瞬时刚度。 | N49: 整段角运动比换算值；不代表行程内每一位置的瞬时刚度。

Sheet Parameters
B2: Astral · ARB H Parameters | C2: Astral · ARB Outer Parameters | D2: Astral · ARB Outer Parameters | E2: Astral · ARB Outer Parameters | F2: Astral · ARB Outer Parameters | G2: Astral · ARB Outer Parameters | H2: Astral · ARB Outer Parameters | I2: Astral · ARB Outer Parameters
B3: Astral · ARB Outer Parameters | C3: Astral · ARB Outer Parameters | D3: Astral · ARB Outer Parameters | E3: Astral · ARB Outer Parameters | F3: Astral · ARB Outer Parameters | G3: Astral · ARB Outer Parameters | H3: Astral · ARB Outer Parameters | I3: Astral · ARB Outer Parameters
B4: 黄色单元格为手动输入。 | C4: 黄色单元格为手动输入。 | D4: 黄色单元格为手动输入。 | E4: 黄色单元格为手动输入。 | F4: 黄色单元格为手动输入。 | G4: 黄色单元格为手动输入。 | H4: 黄色单元格为手动输入。 | I4: 黄色单元格为手动输入。
B6: Axle | C6: Bar | D6: Diameter (mm) | E6: Torsion (N·m/rad)
B7: Front | C7: #1 | D7: 14.6 | E7: =$E$8*(D7/$D$8)^4 -> 941.40637
B8: Front | C8: #2 | D8: 17.6 | E8: 1988
B9: Front | C9: #3 | D9: 20.5 | E9: =$E$8*(D9/$D$8)^4 -> 3659.1579
B10: Rear | C10: #1 | D10: 16.2 | E10: =$E$8*(D10/$D$8)^4 -> 1427.0059
B11: Rear | C11: #2 | D11: 19.4 | E11: =$E$8*(D11/$D$8)^4 -> 2934.7603
B12: Rear | C12: #3 | D12: 22.1 | E12: =$E$8*(D12/$D$8)^4 -> 4942.3649
B14: 固定几何 · 生成位置 / 转轴 | C14: 固定几何 · 生成位置 / 转轴 | D14: 固定几何 · 生成位置 / 转轴 | E14: 固定几何 · 生成位置 / 转轴 | F14: 固定几何 · 生成位置 / 转轴 | G14: 固定几何 · 生成位置 / 转轴 | H14: 固定几何 · 生成位置 / 转轴 | I14: 固定几何 · 生成位置 / 转轴
B15: 节点使用车身相对坐标（m）；旋转半径按 Y/Z 计算。 | C15: 节点使用车身相对坐标（m）；旋转半径按 Y/Z 计算。 | D15: 节点使用车身相对坐标（m）；旋转半径按 Y/Z 计算。 | E15: 节点使用车身相对坐标（m）；旋转半径按 Y/Z 计算。 | F15: 节点使用车身相对坐标（m）；旋转半径按 Y/Z 计算。 | G15: 节点使用车身相对坐标（m）；旋转半径按 Y/Z 计算。 | H15: 节点使用车身相对坐标（m）；旋转半径按 Y/Z 计算。 | I15: 节点使用车身相对坐标（m）；旋转半径按 Y/Z 计算。
B16: Axle | C16: arb1 Start Y (m) | D16: arb1 Start Z (m) | E16: arb2 Y (m) | F16: arb2 Z (m) | G16: Start angle (°) | H16: Radius (mm)
B17: Front | C17: -1.061 | D17: 0.195 | E17: -0.899 | F17: 0.185 | G17: =IF(COUNT(C17:F17)<4,"",IF(H17=0,"无效半径",IF(D17<F17,-1,1)*DEGREES(ACOS(MAX(-1,MIN(1,(E17-C17)*1000/H17)))))) -> 3.5322946 | H17: =IF(COUNT(C17:F17)<4,"",1000*SQRT((C17-E17)^2+(D17-F17)^2)) -> 162.30835
B18: Rear | C18: 1.321 | D18: 0.186 | E18: 1.455 | F18: 0.261 | G18: =IF(COUNT(C18:F18)<4,"",IF(H18=0,"无效半径",IF(D18<F18,-1,1)*DEGREES(ACOS(MAX(-1,MIN(1,(E18-C18)*1000/H18)))))) -> -29.235805 | H18: =IF(COUNT(C18:F18)<4,"",1000*SQRT((C18-E18)^2+(D18-F18)^2)) -> 153.56106
B20: 测量 · 每组填写轮行程和 arb1 终点 | C20: 测量 · 每组填写轮行程和 arb1 终点 | D20: 测量 · 每组填写轮行程和 arb1 终点 | E20: 测量 · 每组填写轮行程和 arb1 终点 | F20: 测量 · 每组填写轮行程和 arb1 终点 | G20: 测量 · 每组填写轮行程和 arb1 终点 | H20: 测量 · 每组填写轮行程和 arb1 终点 | I20: 测量 · 每组填写轮行程和 arb1 终点
B22: Surface | C22: Axle | D22: Position | E22: Wheel ΔZ (mm) | F22: arb1 End Y (m) | G22: arb1 End Z (m) | H22: End angle (°) | I22: Radius (mm)
B23: Tarmac | C23: Front | D23: H | E23: 167 | F23: -1.046 | G23: 0.254 | H23: =IF(COUNT(F23:G23,E17:F17)<4,"",IF(I23=0,"无效半径",IF(G23<F17,-1,1)*DEGREES(ACOS(MAX(-1,MIN(1,(E17-F23)*1000/I23)))))) -> 25.144786 | I23: =IF(COUNT(F23:G23,E17:F17)<4,"",1000*SQRT((F23-E17)^2+(G23-F17)^2)) -> 162.38842
B24: Tarmac | C24: Rear | D24: H | E24: 166 | F24: 1.301 | G24: 0.259 | H24: =IF(COUNT(F24:G24,E18:F18)<4,"",IF(I24=0,"无效半径",IF(G24<F18,-1,1)*DEGREES(ACOS(MAX(-1,MIN(1,(E18-F24)*1000/I24)))))) -> -0.7440592 | I24: =IF(COUNT(F24:G24,E18:F18)<4,"",1000*SQRT((F24-E18)^2+(G24-F18)^2)) -> 154.01299
B25: Gravel | C25: Front | D25: H | E25: 266 | F25: -1.032 | G25: 0.278 | H25: =IF(COUNT(F25:G25,E17:F17)<4,"",IF(I25=0,"无效半径",IF(G25<F17,-1,1)*DEGREES(ACOS(MAX(-1,MIN(1,(E17-F25)*1000/I25)))))) -> 34.963098 | I25: =IF(COUNT(F25:G25,E17:F17)<4,"",1000*SQRT((F25-E17)^2+(G25-F17)^2)) -> 162.28986
B26: Gravel | C26: Rear | D26: H | E26: 268 | F26: 1.306 | G26: 0.297 | H26: =IF(COUNT(F26:G26,E18:F18)<4,"",IF(I26=0,"无效半径",IF(G26<F18,-1,1)*DEGREES(ACOS(MAX(-1,MIN(1,(E18-F26)*1000/I26)))))) -> 13.582964 | I26: =IF(COUNT(F26:G26,E18:F18)<4,"",1000*SQRT((F26-E18)^2+(G26-F18)^2)) -> 153.28731
B30: 原 Z 测量记录（不参与刚度计算） | C30: 原 Z 测量记录（不参与刚度计算） | D30: 原 Z 测量记录（不参与刚度计算） | E30: 原 Z 测量记录（不参与刚度计算） | F30: 原 Z 测量记录（不参与刚度计算） | G30: 原 Z 测量记录（不参与刚度计算） | H30: 原 Z 测量记录（不参与刚度计算） | I30: 原 Z 测量记录（不参与刚度计算）
B31: Surface | C31: Axle | D31: Position | E31: ARB ΔZ (mm) | F31: Original arm (mm)
B32: Tarmac | C32: Front | D32: H | E32: 46 | F32: 163
B33: Tarmac | C33: Rear | D33: H | E33: 54 | F33: 154
B34: Gravel | C34: Front | D34: H | E34: 83 | F34: 163
B35: Gravel | C35: Rear | D35: H | E35: 111 | F35: 154

Sheet Samples
B2: Astral · ARB Calculations | C2: Astral · ARB Calculations | D2: Astral · ARB Calculations | E2: Astral · ARB Calculations | F2: Astral · ARB Calculations | G2: Astral · ARB Calculations | H2: Astral · ARB Calculations | I2: Astral · ARB Calculations | J2: Astral · ARB Calculations | K2: Astral · ARB Calculations
B3: Astral · ARB Calculations | C3: Astral · ARB Calculations | D3: Astral · ARB Calculations | E3: Astral · ARB Calculations | F3: Astral · ARB Calculations | G3: Astral · ARB Calculations | H3: Astral · ARB Calculations | I3: Astral · ARB Calculations | J3: Astral · ARB Calculations | K3: Astral · ARB Calculations
B5: Surface | C5: Axle | D5: Position | E5: Wheel ΔZ (mm) | F5: Arm Δθ (°) | G5: Angular MR (rad/mm) | H5: #1 (N/mm) | I5: #2 (N/mm) | J5: #3 (N/mm) | K5: Input
B6: Tarmac | C6: Front | D6: H | E6: =IF(ISNUMBER(Parameters!E23),Parameters!E23,"") -> 167 | F6: =IF(COUNT(Parameters!G17,Parameters!H23)<2,"",MOD(Parameters!H23-Parameters!G17+180,360)-180) -> 21.612491 | G6: =IF(COUNT(E6:F6)<2,"",IF(E6<=0,"",RADIANS(F6)/E6)) -> 0.0022587373 | H6: =IF(ISNUMBER(G6),1000*Parameters!E7*G6^2,"") -> 4.8029557 | I6: =IF(ISNUMBER(G6),1000*Parameters!E8*G6^2,"") -> 10.142566 | J6: =IF(ISNUMBER(G6),1000*Parameters!E9*G6^2,"") -> 18.668636 | K6: =IF(COUNT(Parameters!C17:F17,Parameters!F23:G23)<6,"待补坐标",IF(NOT(ISNUMBER(E6)),"待填轮行程",IF(E6<=0,"轮行程须大于0",IF(COUNT(Parameters!G17,Parameters!H23)<2,"无效半径",""))))
B7: Tarmac | C7: Rear | D7: H | E7: =IF(ISNUMBER(Parameters!E24),Parameters!E24,"") -> 166 | F7: =IF(COUNT(Parameters!G18,Parameters!H24)<2,"",MOD(Parameters!H24-Parameters!G18+180,360)-180) -> 28.491745 | G7: =IF(COUNT(E7:F7)<2,"",IF(E7<=0,"",RADIANS(F7)/E7)) -> 0.0029956311 | H7: =IF(ISNUMBER(G7),1000*Parameters!E10*G7^2,"") -> 12.805674 | I7: =IF(ISNUMBER(G7),1000*Parameters!E11*G7^2,"") -> 26.335969 | J7: =IF(ISNUMBER(G7),1000*Parameters!E12*G7^2,"") -> 44.351823 | K7: =IF(COUNT(Parameters!C18:F18,Parameters!F24:G24)<6,"待补坐标",IF(NOT(ISNUMBER(E7)),"待填轮行程",IF(E7<=0,"轮行程须大于0",IF(COUNT(Parameters!G18,Parameters!H24)<2,"无效半径",""))))
B8: Gravel | C8: Front | D8: H | E8: =IF(ISNUMBER(Parameters!E25),Parameters!E25,"") -> 266 | F8: =IF(COUNT(Parameters!G17,Parameters!H25)<2,"",MOD(Parameters!H25-Parameters!G17+180,360)-180) -> 31.430803 | G8: =IF(COUNT(E8:F8)<2,"",IF(E8<=0,"",RADIANS(F8)/E8)) -> 0.002062297 | H8: =IF(ISNUMBER(G8),1000*Parameters!E7*G8^2,"") -> 4.0038661 | I8: =IF(ISNUMBER(G8),1000*Parameters!E8*G8^2,"") -> 8.4551009 | J8: =IF(ISNUMBER(G8),1000*Parameters!E9*G8^2,"") -> 15.562651 | K8: =IF(COUNT(Parameters!C17:F17,Parameters!F25:G25)<6,"待补坐标",IF(NOT(ISNUMBER(E8)),"待填轮行程",IF(E8<=0,"轮行程须大于0",IF(COUNT(Parameters!G17,Parameters!H25)<2,"无效半径",""))))
B9: Gravel | C9: Rear | D9: H | E9: =IF(ISNUMBER(Parameters!E26),Parameters!E26,"") -> 268 | F9: =IF(COUNT(Parameters!G18,Parameters!H26)<2,"",MOD(Parameters!H26-Parameters!G18+180,360)-180) -> 42.818768 | G9: =IF(COUNT(E9:F9)<2,"",IF(E9<=0,"",RADIANS(F9)/E9)) -> 0.0027885391 | H9: =IF(ISNUMBER(G9),1000*Parameters!E10*G9^2,"") -> 11.096327 | I9: =IF(ISNUMBER(G9),1000*Parameters!E11*G9^2,"") -> 22.82055 | J9: =IF(ISNUMBER(G9),1000*Parameters!E12*G9^2,"") -> 38.431584 | K9: =IF(COUNT(Parameters!C18:F18,Parameters!F26:G26)<6,"待补坐标",IF(NOT(ISNUMBER(E9)),"待填轮行程",IF(E9<=0,"轮行程须大于0",IF(COUNT(Parameters!G18,Parameters!H26)<2,"无效半径",""))))
B14: Setting | C14: Front | D14: Rear
B15: #1 | C15: =IF(ISNUMBER(H8),H8,NA()) -> 4.0038661 | D15: =IF(ISNUMBER(H9),H9,NA()) -> 11.096327
B16: #2 | C16: =IF(ISNUMBER(I8),I8,NA()) -> 8.4551009 | D16: =IF(ISNUMBER(I9),I9,NA()) -> 22.82055
B17: #3 | C17: =IF(ISNUMBER(J8),J8,NA()) -> 15.562651 | D17: =IF(ISNUMBER(J9),J9,NA()) -> 38.431584
B21: Setting | C21: Front | D21: Rear
B22: #1 | C22: =IF(ISNUMBER(H6),H6,NA()) -> 4.8029557 | D22: =IF(ISNUMBER(H7),H7,NA()) -> 12.805674
B23: #2 | C23: =IF(ISNUMBER(I6),I6,NA()) -> 10.142566 | D23: =IF(ISNUMBER(I7),I7,NA()) -> 26.335969
B24: #3 | C24: =IF(ISNUMBER(J6),J6,NA()) -> 18.668636 | D24: =IF(ISNUMBER(J7),J7,NA()) -> 44.351823
B29: 旧表原值 | C29: 旧表原值 | D29: 旧表原值
B30: Tarmac!I19 | C30: 223
B31: Tarmac!J19 | C31: 267
B32: Tarmac!K19 | C32: 236
B33: Tarmac!I20 | C33: 238
B34: Tarmac!J20 | C34: 279
B35: Gravel!K6 | C35: 16
B36: Gravel!K7 | C36: 23
B37: Gravel!K8 | C37: 24
