Workbook

Sheet Balance Map
B2: Astral · Brake balance
C5: Rear MC | H5: Setup
B6: Front MC | D6: =Parameters!B15 -> 17.42 | E6: =Parameters!B16 -> 19 | F6: =Parameters!B17 -> 21.38 | H6: Balance bar | I6: 0.54
C7: =Parameters!B15 -> 17.42 | D7: =Calculations!H13 -> 0.54 | E7: =Calculations!H14 -> 0.58280428 | F7: =Calculations!H15 -> 0.6387674 | H7: Front disc | I7: 355
C8: =Parameters!B16 -> 19 | D8: =Calculations!H16 -> 0.49659739 | E8: =Calculations!H17 -> 0.54 | F8: =Calculations!H18 -> 0.59774186 | H8: Rear disc | I8: 355
C9: =Parameters!B17 -> 21.38 | D9: =Calculations!H19 -> 0.43798768 | E9: =Calculations!H20 -> 0.481164 | F9: =Calculations!H21 -> 0.54 | H9: Front pad | I9: Type-A
H10: Rear pad | I10: Type-A
C12: 固定色阶 | D12: 0.3 | E12: 0.5 | F12: 0.7
D13: 偏后 | E13: 前后相等 | F13: 偏前

Sheet Parameters
B2: Astral · Brake parameters
B5: Brake disc constants | G5: Brake pad multipliers
B6: Disc (mm) | C6: Front K (N·m) | D6: Rear K (N·m) | G6: Pad | H6: Front × | I6: Rear ×
B7: 300 | C7: 2918 | D7: 2918 | G7: Type-A | H7: 1.02 | I7: 1.02
B8: 320 | C8: 3113 | D8: 3113 | G8: Type-B | H8: 0.965 | I8: 0.965
B9: 355 | C9: 3454 | D9: 3454 | G9: Type-C | H9: 0.875 | I9: 0.875
B10: 370 | C10: 3600 | D10: 3600
B13: Master cylinder multipliers
B14: MC (mm) | C14: Front × | D14: Rear ×
B15: 17.42 | C15: 1.19 | D15: 1.19
B16: 19 | C16: 1 | D16: 1
B17: 21.38 | C17: 0.79 | D17: 0.79

Sheet Calculations
B2: Astral · Brake calculations
B5: Selected setup | C5: Front | D5: Rear
B6: Disc K (N·m) | C6: =INDEX(Parameters!$C$7:$C$10,MATCH('Balance Map'!$I$7,Parameters!$B$7:$B$10,0)) -> 3454 | D6: =INDEX(Parameters!$D$7:$D$10,MATCH('Balance Map'!$I$8,Parameters!$B$7:$B$10,0)) -> 3454
B7: Pad multiplier | C7: =INDEX(Parameters!$H$7:$H$9,MATCH('Balance Map'!$I$9,Parameters!$G$7:$G$9,0)) -> 1.02 | D7: =INDEX(Parameters!$I$7:$I$9,MATCH('Balance Map'!$I$10,Parameters!$G$7:$G$9,0)) -> 1.02
B8: Weight before MC | C8: =C6*C7*'Balance Map'!$I$6 -> 1902.4632 | D8: =D6*D7*(1-'Balance Map'!$I$6) -> 1620.6168
B11: Master cylinder combinations
B12: Front MC (mm) | C12: Rear MC (mm) | D12: Front MC × | E12: Rear MC × | F12: Front weight | G12: Rear weight | H12: Front share
B13: =Parameters!B15 -> 17.42 | C13: =Parameters!B15 -> 17.42 | D13: =Parameters!C15 -> 1.19 | E13: =Parameters!D15 -> 1.19 | F13: =$C$8*D13 -> 2263.9312 | G13: =$D$8*E13 -> 1928.534 | H13: =F13/(F13+G13) -> 0.54
B14: =Parameters!B15 -> 17.42 | C14: =Parameters!B16 -> 19 | D14: =Parameters!C15 -> 1.19 | E14: =Parameters!D16 -> 1 | F14: =$C$8*D14 -> 2263.9312 | G14: =$D$8*E14 -> 1620.6168 | H14: =F14/(F14+G14) -> 0.58280428
B15: =Parameters!B15 -> 17.42 | C15: =Parameters!B17 -> 21.38 | D15: =Parameters!C15 -> 1.19 | E15: =Parameters!D17 -> 0.79 | F15: =$C$8*D15 -> 2263.9312 | G15: =$D$8*E15 -> 1280.2873 | H15: =F15/(F15+G15) -> 0.6387674
B16: =Parameters!B16 -> 19 | C16: =Parameters!B15 -> 17.42 | D16: =Parameters!C16 -> 1 | E16: =Parameters!D15 -> 1.19 | F16: =$C$8*D16 -> 1902.4632 | G16: =$D$8*E16 -> 1928.534 | H16: =F16/(F16+G16) -> 0.49659739
B17: =Parameters!B16 -> 19 | C17: =Parameters!B16 -> 19 | D17: =Parameters!C16 -> 1 | E17: =Parameters!D16 -> 1 | F17: =$C$8*D17 -> 1902.4632 | G17: =$D$8*E17 -> 1620.6168 | H17: =F17/(F17+G17) -> 0.54
B18: =Parameters!B16 -> 19 | C18: =Parameters!B17 -> 21.38 | D18: =Parameters!C16 -> 1 | E18: =Parameters!D17 -> 0.79 | F18: =$C$8*D18 -> 1902.4632 | G18: =$D$8*E18 -> 1280.2873 | H18: =F18/(F18+G18) -> 0.59774186
B19: =Parameters!B17 -> 21.38 | C19: =Parameters!B15 -> 17.42 | D19: =Parameters!C17 -> 0.79 | E19: =Parameters!D15 -> 1.19 | F19: =$C$8*D19 -> 1502.9459 | G19: =$D$8*E19 -> 1928.534 | H19: =F19/(F19+G19) -> 0.43798768
B20: =Parameters!B17 -> 21.38 | C20: =Parameters!B16 -> 19 | D20: =Parameters!C17 -> 0.79 | E20: =Parameters!D16 -> 1 | F20: =$C$8*D20 -> 1502.9459 | G20: =$D$8*E20 -> 1620.6168 | H20: =F20/(F20+G20) -> 0.481164
B21: =Parameters!B17 -> 21.38 | C21: =Parameters!B17 -> 21.38 | D21: =Parameters!C17 -> 0.79 | E21: =Parameters!D17 -> 0.79 | F21: =$C$8*D21 -> 1502.9459 | G21: =$D$8*E21 -> 1280.2873 | H21: =F21/(F21+G21) -> 0.54
