Workbook

Sheet Graph
B2: Astral · Differential map
B5: ="Front power："&Samples!E6&" = 100%" -> Front power：46° / 6+6 = 100%
B21: ="Rear power："&Samples!E12&" = 100%" -> Rear power：40° / 6+6 = 100%
B37: ="Coast："&Samples!E18&" = 100%" -> Coast：70° / 6+6 = 100%

Sheet Parameters
B2: Astral · Differential parameters
B6: 模型基准 | F6: 保留的校核组合
B7: Ramp 角度补偿 | C7: 5 | D7: ° | F7: 组合 | G7: 角度 (°) | H7: 单侧 n
B8: 参考单侧 n | C8: 8 | D8: n+n | F8: 校核 1 | G8: 40 | H8: 4
B9: 基础游戏系数 | C9: 0.35 | D9: 系数 | F9: 校核 2 | G9: 35 | H9: 8
B11: 百分比换算倍数 | C11: 2 | D11: 倍
B14: Ramp 角度 | F14: 摩擦面数量
B15: 用途 | C15: 角度 (°) | F15: 组合 | G15: 单侧 n
B16: Front power | C16: 46 | F16: =G16&"+"&G16 -> 4+4 | G16: 4
B17: Front power | C17: 50 | F17: =G17&"+"&G17 -> 6+6 | G17: 6
B18: Front power | C18: 62
B19: Rear power | C19: 40
B20: Rear power | C20: 46
B21: Rear power | C21: 54
B22: Coast | C22: 70
B23: Coast | C23: 80

Sheet Samples
B2: Astral · Differential samples
B5: 用途 | C5: Ramp (°) | D5: 单侧 n | E5: 组合 | F5: 游戏系数 c | G5: 模型等效百分比 | H5: 相对参考组合
B6: Front power | C6: =Parameters!C16 -> 46 | D6: =Parameters!G17 -> 6 | E6: =C6&"° / "&D6&"+"&D6 -> 46° / 6+6 | F6: =Parameters!$C$9*(D6/Parameters!$C$8)/TAN((C6+Parameters!$C$7)*PI()/180) -> 0.21256831 | G6: =F6*Parameters!$C$11 -> 0.42513662 | H6: =G6/$G$6 -> 1
B7: Front power | C7: =Parameters!C17 -> 50 | D7: =Parameters!G17 -> 6 | E7: =C7&"° / "&D7&"+"&D7 -> 50° / 6+6 | F7: =Parameters!$C$9*(D7/Parameters!$C$8)/TAN((C7+Parameters!$C$7)*PI()/180) -> 0.18380448 | G7: =F7*Parameters!$C$11 -> 0.36760896 | H7: =G7/$G$6 -> 0.8646843
B8: Front power | C8: =Parameters!C16 -> 46 | D8: =Parameters!G16 -> 4 | E8: =C8&"° / "&D8&"+"&D8 -> 46° / 4+4 | F8: =Parameters!$C$9*(D8/Parameters!$C$8)/TAN((C8+Parameters!$C$7)*PI()/180) -> 0.14171221 | G8: =F8*Parameters!$C$11 -> 0.28342441 | H8: =G8/$G$6 -> 0.66666667
B9: Front power | C9: =Parameters!C17 -> 50 | D9: =Parameters!G16 -> 4 | E9: =C9&"° / "&D9&"+"&D9 -> 50° / 4+4 | F9: =Parameters!$C$9*(D9/Parameters!$C$8)/TAN((C9+Parameters!$C$7)*PI()/180) -> 0.12253632 | G9: =F9*Parameters!$C$11 -> 0.24507264 | H9: =G9/$G$6 -> 0.5764562
B10: Front power | C10: =Parameters!C18 -> 62 | D10: =Parameters!G17 -> 6 | E10: =C10&"° / "&D10&"+"&D10 -> 62° / 6+6 | F10: =Parameters!$C$9*(D10/Parameters!$C$8)/TAN((C10+Parameters!$C$7)*PI()/180) -> 0.11142464 | G10: =F10*Parameters!$C$11 -> 0.22284928 | H10: =G10/$G$6 -> 0.52418274
B11: Front power | C11: =Parameters!C18 -> 62 | D11: =Parameters!G16 -> 4 | E11: =C11&"° / "&D11&"+"&D11 -> 62° / 4+4 | F11: =Parameters!$C$9*(D11/Parameters!$C$8)/TAN((C11+Parameters!$C$7)*PI()/180) -> 0.074283093 | G11: =F11*Parameters!$C$11 -> 0.14856619 | H11: =G11/$G$6 -> 0.34945516
B12: Rear power | C12: =Parameters!C19 -> 40 | D12: =Parameters!G17 -> 6 | E12: =C12&"° / "&D12&"+"&D12 -> 40° / 6+6 | F12: =Parameters!$C$9*(D12/Parameters!$C$8)/TAN((C12+Parameters!$C$7)*PI()/180) -> 0.2625 | G12: =F12*Parameters!$C$11 -> 0.525 | H12: =G12/$G$12 -> 1
B13: Rear power | C13: =Parameters!C20 -> 46 | D13: =Parameters!G17 -> 6 | E13: =C13&"° / "&D13&"+"&D13 -> 46° / 6+6 | F13: =Parameters!$C$9*(D13/Parameters!$C$8)/TAN((C13+Parameters!$C$7)*PI()/180) -> 0.21256831 | G13: =F13*Parameters!$C$11 -> 0.42513662 | H13: =G13/$G$12 -> 0.80978403
B14: Rear power | C14: =Parameters!C19 -> 40 | D14: =Parameters!G16 -> 4 | E14: =C14&"° / "&D14&"+"&D14 -> 40° / 4+4 | F14: =Parameters!$C$9*(D14/Parameters!$C$8)/TAN((C14+Parameters!$C$7)*PI()/180) -> 0.175 | G14: =F14*Parameters!$C$11 -> 0.35 | H14: =G14/$G$12 -> 0.66666667
B15: Rear power | C15: =Parameters!C21 -> 54 | D15: =Parameters!G17 -> 6 | E15: =C15&"° / "&D15&"+"&D15 -> 54° / 6+6 | F15: =Parameters!$C$9*(D15/Parameters!$C$8)/TAN((C15+Parameters!$C$7)*PI()/180) -> 0.15772591 | G15: =F15*Parameters!$C$11 -> 0.31545182 | H15: =G15/$G$12 -> 0.60086062
B16: Rear power | C16: =Parameters!C20 -> 46 | D16: =Parameters!G16 -> 4 | E16: =C16&"° / "&D16&"+"&D16 -> 46° / 4+4 | F16: =Parameters!$C$9*(D16/Parameters!$C$8)/TAN((C16+Parameters!$C$7)*PI()/180) -> 0.14171221 | G16: =F16*Parameters!$C$11 -> 0.28342441 | H16: =G16/$G$12 -> 0.53985602
B17: Rear power | C17: =Parameters!C21 -> 54 | D17: =Parameters!G16 -> 4 | E17: =C17&"° / "&D17&"+"&D17 -> 54° / 4+4 | F17: =Parameters!$C$9*(D17/Parameters!$C$8)/TAN((C17+Parameters!$C$7)*PI()/180) -> 0.10515061 | G17: =F17*Parameters!$C$11 -> 0.21030122 | H17: =G17/$G$12 -> 0.40057375
B18: Coast | C18: =Parameters!C22 -> 70 | D18: =Parameters!G17 -> 6 | E18: =C18&"° / "&D18&"+"&D18 -> 70° / 6+6 | F18: =Parameters!$C$9*(D18/Parameters!$C$8)/TAN((C18+Parameters!$C$7)*PI()/180) -> 0.070336663 | G18: =F18*Parameters!$C$11 -> 0.14067333 | H18: =G18/$G$18 -> 1
B19: Coast | C19: =Parameters!C22 -> 70 | D19: =Parameters!G16 -> 4 | E19: =C19&"° / "&D19&"+"&D19 -> 70° / 4+4 | F19: =Parameters!$C$9*(D19/Parameters!$C$8)/TAN((C19+Parameters!$C$7)*PI()/180) -> 0.046891109 | G19: =F19*Parameters!$C$11 -> 0.093782217 | H19: =G19/$G$18 -> 0.66666667
B20: Coast | C20: =Parameters!C23 -> 80 | D20: =Parameters!G17 -> 6 | E20: =C20&"° / "&D20&"+"&D20 -> 80° / 6+6 | F20: =Parameters!$C$9*(D20/Parameters!$C$8)/TAN((C20+Parameters!$C$7)*PI()/180) -> 0.022965774 | G20: =F20*Parameters!$C$11 -> 0.045931548 | H20: =G20/$G$18 -> 0.32651214
B21: Coast | C21: =Parameters!C23 -> 80 | D21: =Parameters!G16 -> 4 | E21: =C21&"° / "&D21&"+"&D21 -> 80° / 4+4 | F21: =Parameters!$C$9*(D21/Parameters!$C$8)/TAN((C21+Parameters!$C$7)*PI()/180) -> 0.015310516 | G21: =F21*Parameters!$C$11 -> 0.030621032 | H21: =G21/$G$18 -> 0.21767476
B22: Check 1 | C22: =Parameters!G8 -> 40 | D22: =Parameters!H8 -> 4 | E22: =C22&"° / "&D22&"+"&D22 -> 40° / 4+4 | F22: =Parameters!$C$9*(D22/Parameters!$C$8)/TAN((C22+Parameters!$C$7)*PI()/180) -> 0.175 | G22: =F22*Parameters!$C$11 -> 0.35
B23: Check 2 | C23: =Parameters!G9 -> 35 | D23: =Parameters!H9 -> 8 | E23: =C23&"° / "&D23&"+"&D23 -> 35° / 8+8 | F23: =Parameters!$C$9*(D23/Parameters!$C$8)/TAN((C23+Parameters!$C$7)*PI()/180) -> 0.41711376 | G23: =F23*Parameters!$C$11 -> 0.83422751
