Workbook

Sheet Sheet1
A1: =VLOOKUP("title.railCalculator",Locale!$A$2:$D$18,4,FALSE) -> 滑轨计算器 | B1: X | C1: Y | D1: Z | F1: Language / 语言 | G1: Language / 语言 | H1: 简体中文 | I1: 简体中文
A2: P1 | B2: 0.752 | C2: -1.295 | D2: 0.021
A3: P2 | B3: 0.272 | C3: -0.975 | D3: 0.105
A4: =VLOOKUP("label.length",Locale!$A$2:$D$18,4,FALSE) -> 长度 | D4: A | E4: =SQRT((B3-B2)^2+(C3-C2)^2+(D3-D2)^2) -> 0.5829717
A5: P3X | B5: 0.479 | C5: =((B5-B3)/(B3-B2))*(C3-C2)+C3 -> -1.113 | D5: =((B5-B3)/(B3-B2))*(D3-D2)+D3 -> 0.068775
A6: P3Y | B6: =((C6-C3)/(C3-C2))*(B3-B2)+B3 -> -1.1905 | C6: 0 | D6: =((C6-C3)/(C3-C2))*(D3-D2)+D3 -> 0.3609375
A7: P3Z | B7: =((D7-D3)/(D3-D2))*(B3-B2)+B3 -> -0.47085714 | C7: =((D7-D3)/(D3-D2))*(C3-C2)+C3 -> -0.4797619 | D7: 0.235
A9: =VLOOKUP("label.rearTop",Locale!$A$2:$D$18,4,FALSE) -> 后轴上支点 | B9: 0.55 | C9: 1.337 | D9: 0.797
A10: =VLOOKUP("label.rearArm",Locale!$A$2:$D$18,4,FALSE) -> 后轴摆臂 | B10: 0.222 | C10: 1.333 | D10: 0.108
A11: =VLOOKUP("label.rearGravelBottom",Locale!$A$2:$D$18,4,FALSE) -> 后轴砂石下支点 | B11: 0.5764 | C11: 1.355 | D11: 0.0141
A12: =VLOOKUP("label.rearGravelCaster",Locale!$A$2:$D$18,4,FALSE) -> 后轴砂石后倾角 | B12: 0.747 | C12: 1.301 | D12: -0.063 | E12: =VLOOKUP("label.rearRxCaster",Locale!$A$2:$D$18,4,FALSE) -> 后轴 RX 后倾角 | F12: 0.747 | G12: 1.301 | H12: -0.063
A13: =VLOOKUP("label.rearTarmacBottom",Locale!$A$2:$D$18,4,FALSE) -> 后轴柏油下支点 | B13: 0.5677 | C13: 1.351 | D13: 0.17
A14: =VLOOKUP("label.rearTarmacCaster",Locale!$A$2:$D$18,4,FALSE) -> 后轴柏油后倾角 | B14: 0.749 | C14: 1.341 | D14: 0.01
A16: =VLOOKUP("label.frontTop",Locale!$A$2:$D$18,4,FALSE) -> 前轴上支点 | B16: 0.581 | C16: -1.22 | D16: 0.815
A17: =VLOOKUP("label.frontArm",Locale!$A$2:$D$18,4,FALSE) -> 前轴摆臂 | B17: 0.272 | C17: -0.975 | D17: 0.105
A18: =VLOOKUP("label.frontGravelBottom",Locale!$A$2:$D$18,4,FALSE) -> 前轴砂石下支点 | B18: 0.6227 | C18: -1.3589 | D18: 0.0507
A19: =VLOOKUP("label.frontGravelCaster",Locale!$A$2:$D$18,4,FALSE) -> 前轴砂石后倾角 | B19: 0.747 | C19: -1.3 | D19: -0.053 | E19: =VLOOKUP("label.frontRxCaster",Locale!$A$2:$D$18,4,FALSE) -> 前轴 RX 后倾角 | F19: 0.747 | G19: -1.3 | H19: -0.063
A20: =VLOOKUP("label.frontTarmacBottom",Locale!$A$2:$D$18,4,FALSE) -> 前轴柏油下支点 | B20: 0.611 | C20: -1.333 | D20: 0.203
A21: =VLOOKUP("label.frontTarmacCaster",Locale!$A$2:$D$18,4,FALSE) -> 前轴柏油后倾角 | B21: 0.752 | C21: -1.295 | D21: 0.021
A23: =VLOOKUP("note.coordinateLengthUnits",Locale!$A$2:$D$18,4,FALSE) -> 坐标与长度单位：m。黄色单元格为手动输入。

Sheet Locale
A1: key | B1: en-US | C1: zh-CN | D1: Active
A2: label.frontArm | B2: Front Arm | C2: 前轴摆臂 | D2: =IF(Sheet1!$H$1="English",B2,C2) -> 前轴摆臂
A3: label.frontGravelBottom | B3: Front Gravel Bottom | C3: 前轴砂石下支点 | D3: =IF(Sheet1!$H$1="English",B3,C3) -> 前轴砂石下支点
A4: label.frontGravelCaster | B4: Front Gravel Caster | C4: 前轴砂石后倾角 | D4: =IF(Sheet1!$H$1="English",B4,C4) -> 前轴砂石后倾角
A5: label.frontRxCaster | B5: Front RX Caster | C5: 前轴 RX 后倾角 | D5: =IF(Sheet1!$H$1="English",B5,C5) -> 前轴 RX 后倾角
A6: label.frontTarmacBottom | B6: Front Tarmac Bottom | C6: 前轴柏油下支点 | D6: =IF(Sheet1!$H$1="English",B6,C6) -> 前轴柏油下支点
A7: label.frontTarmacCaster | B7: Front Tarmac Caster | C7: 前轴柏油后倾角 | D7: =IF(Sheet1!$H$1="English",B7,C7) -> 前轴柏油后倾角
A8: label.frontTop | B8: Front Top | C8: 前轴上支点 | D8: =IF(Sheet1!$H$1="English",B8,C8) -> 前轴上支点
A9: label.length | B9: Length | C9: 长度 | D9: =IF(Sheet1!$H$1="English",B9,C9) -> 长度
A10: label.rearArm | B10: Rear Arm | C10: 后轴摆臂 | D10: =IF(Sheet1!$H$1="English",B10,C10) -> 后轴摆臂
A11: label.rearGravelBottom | B11: Rear Gravel Bottom | C11: 后轴砂石下支点 | D11: =IF(Sheet1!$H$1="English",B11,C11) -> 后轴砂石下支点
A12: label.rearGravelCaster | B12: Rear Gravel Caster | C12: 后轴砂石后倾角 | D12: =IF(Sheet1!$H$1="English",B12,C12) -> 后轴砂石后倾角
A13: label.rearRxCaster | B13: Rear RX Caster | C13: 后轴 RX 后倾角 | D13: =IF(Sheet1!$H$1="English",B13,C13) -> 后轴 RX 后倾角
... A18: title.railCalculator | B18: Rail calculator | C18: 滑轨计算器 | D18: =IF(Sheet1!$H$1="English",B18,C18) -> 滑轨计算器
