Workbook

Sheet Throttle Curves
B1: Language / 语言 | C1: Language / 语言 | D1: Language / 语言 | E1: 简体中文 | F1: 简体中文 | G1: 简体中文
B2: =VLOOKUP("title.throttleCurves",Locale!$A$2:$D$14,4,FALSE) -> Astral · 油门曲线
B4: =VLOOKUP("label.vehicleEcu",Locale!$A$2:$D$14,4,FALSE) -> 车型 / ECU | C4: WRC17 / Rally1

Sheet Parameters
B2: =VLOOKUP("title.throttleParameters",Locale!$A$2:$D$14,4,FALSE) -> Astral · 油门参数
C5: =VLOOKUP("label.progressiveMap",Locale!$A$2:$D$14,4,FALSE) -> 1 · 渐进 | E5: =VLOOKUP("label.subtleLinearMap",Locale!$A$2:$D$14,4,FALSE) -> 2 · 轻度线性 | G5: =VLOOKUP("label.aggressiveMap",Locale!$A$2:$D$14,4,FALSE) -> 3 · 激进
B6: =VLOOKUP("label.vehicleEcu",Locale!$A$2:$D$14,4,FALSE) -> 车型 / ECU | C6: a | D6: k | E6: a | F6: k | G6: a | H6: k
B7: Rally2 | C7: 0 | D7: -0.92 | E7: 0.5 | F7: -0.45 | G7: 0.35 | H7: 1.5
B8: WRC17 / Rally1 | C8: 0 | D8: -0.95 | E8: 0.25 | F8: -0.55 | G8: 0.1 | H8: 1
B9: WRC (11–16) | C9: 0 | D9: -0.92 | E9: 0.4 | F9: -0.45 | G9: 0.1 | H9: 1.5
B10: RX1 | C10: 0.15 | D10: -0.88 | E10: 0.69 | F10: -0.28 | G10: 0.59 | H10: 9.8
B11: RX3 | C11: 0.15 | D11: -0.88 | E11: 0.69 | F11: -0.28 | G11: 0.59 | H11: 9.8

Sheet Locale
A1: key | B1: en-US | C1: zh-CN | D1: Active
A2: chart.throttleInputOutput | B2: Throttle input / output | C2: 油门输入 / 输出 | D2: =IF('Throttle Curves'!$E$1="English",B2,C2) -> 油门输入 / 输出
A3: label.aggressiveMap | B3: 3 · Aggressive | C3: 3 · 激进 | D3: =IF('Throttle Curves'!$E$1="English",B3,C3) -> 3 · 激进
A4: label.mapSetting | B4: Setting | C4: 档位 | D4: =IF('Throttle Curves'!$E$1="English",B4,C4) -> 档位
A5: label.parameterRow | B5: Parameter row | C5: 参数行 | D5: =IF('Throttle Curves'!$E$1="English",B5,C5) -> 参数行
A6: label.progressiveMap | B6: 1 · Progressive | C6: 1 · 渐进 | D6: =IF('Throttle Curves'!$E$1="English",B6,C6) -> 1 · 渐进
A7: label.selectedEcu | B7: Selected ECU | C7: 所选 ECU | D7: =IF('Throttle Curves'!$E$1="English",B7,C7) -> 所选 ECU
A8: label.subtleLinearMap | B8: 2 · Subtle Linear | C8: 2 · 轻度线性 | D8: =IF('Throttle Curves'!$E$1="English",B8,C8) -> 2 · 轻度线性
A9: label.throttleInput | B9: Throttle input | C9: 油门输入 | D9: =IF('Throttle Curves'!$E$1="English",B9,C9) -> 油门输入
A10: label.throttleOutput | B10: Throttle output | C10: 油门输出 | D10: =IF('Throttle Curves'!$E$1="English",B10,C10) -> 油门输出
A11: label.vehicleEcu | B11: Vehicle / ECU | C11: 车型 / ECU | D11: =IF('Throttle Curves'!$E$1="English",B11,C11) -> 车型 / ECU
A12: title.throttleCurves | B12: Astral · Throttle curves | C12: Astral · 油门曲线 | D12: =IF('Throttle Curves'!$E$1="English",B12,C12) -> Astral · 油门曲线
A13: title.throttleParameters | B13: Astral · Throttle parameters | C13: Astral · 油门参数 | D13: =IF('Throttle Curves'!$E$1="English",B13,C13) -> Astral · 油门参数
A14: title.throttleSamples | B14: Astral · Throttle samples | C14: Astral · 油门采样 | D14: =IF('Throttle Curves'!$E$1="English",B14,C14) -> Astral · 油门采样

Sheet Samples
B2: =VLOOKUP("title.throttleSamples",Locale!$A$2:$D$14,4,FALSE) -> Astral · 油门采样
G4: =VLOOKUP("label.selectedEcu",Locale!$A$2:$D$14,4,FALSE) -> 所选 ECU | H4: ='Throttle Curves'!C4 -> WRC17 / Rally1
B5: =VLOOKUP("label.throttleInput",Locale!$A$2:$D$14,4,FALSE) -> 油门输入 | C5: =VLOOKUP("label.progressiveMap",Locale!$A$2:$D$14,4,FALSE) -> 1 · 渐进 | D5: =VLOOKUP("label.subtleLinearMap",Locale!$A$2:$D$14,4,FALSE) -> 2 · 轻度线性 | E5: =VLOOKUP("label.aggressiveMap",Locale!$A$2:$D$14,4,FALSE) -> 3 · 激进
B6: 0 | C6: =IF($I$9=0,$B6,(1-$H$9)*LN(1+$I$9*$B6)/LN(1+$I$9)+$H$9*$B6) -> 0 | D6: =IF($I$10=0,$B6,(1-$H$10)*LN(1+$I$10*$B6)/LN(1+$I$10)+$H$10*$B6) -> 0 | E6: =IF($I$11=0,$B6,(1-$H$11)*LN(1+$I$11*$B6)/LN(1+$I$11)+$H$11*$B6) -> 0 | G6: =VLOOKUP("label.parameterRow",Locale!$A$2:$D$14,4,FALSE) -> 参数行 | H6: =MATCH('Throttle Curves'!C4,Parameters!B7:B11,0) -> 2
B7: 0.01 | C7: =IF($I$9=0,$B7,(1-$H$9)*LN(1+$I$9*$B7)/LN(1+$I$9)+$H$9*$B7) -> 0.0031863371 | D7: =IF($I$10=0,$B7,(1-$H$10)*LN(1+$I$10*$B7)/LN(1+$I$10)+$H$10*$B7) -> 0.0076801448 | E7: =IF($I$11=0,$B7,(1-$H$11)*LN(1+$I$11*$B7)/LN(1+$I$11)+$H$11*$B7) -> 0.013919764
B8: 0.02 | C8: =IF($I$9=0,$B8,(1-$H$9)*LN(1+$I$9*$B8)/LN(1+$I$9)+$H$9*$B8) -> 0.0064033824 | D8: =IF($I$10=0,$B8,(1-$H$10)*LN(1+$I$10*$B8)/LN(1+$I$10)+$H$10*$B8) -> 0.015389018 | E8: =IF($I$11=0,$B8,(1-$H$11)*LN(1+$I$11*$B8)/LN(1+$I$11)+$H$11*$B8) -> 0.027712237 | G8: =VLOOKUP("label.mapSetting",Locale!$A$2:$D$14,4,FALSE) -> 档位 | H8: a | I8: k
B9: 0.03 | C9: =IF($I$9=0,$B9,(1-$H$9)*LN(1+$I$9*$B9)/LN(1+$I$9)+$H$9*$B9) -> 0.0096517337 | D9: =IF($I$10=0,$B9,(1-$H$10)*LN(1+$I$10*$B9)/LN(1+$I$10)+$H$10*$B9) -> 0.023126939 | E9: =IF($I$11=0,$B9,(1-$H$11)*LN(1+$I$11*$B9)/LN(1+$I$11)+$H$11*$B9) -> 0.041379904 | G9: 1 | H9: =INDEX(Parameters!$C$7:$H$11,$H$6,1) -> 0 | I9: =INDEX(Parameters!$C$7:$H$11,$H$6,2) -> -0.95
B10: 0.04 | C10: =IF($I$9=0,$B10,(1-$H$9)*LN(1+$I$9*$B10)/LN(1+$I$9)+$H$9*$B10) -> 0.012932006 | D10: =IF($I$10=0,$B10,(1-$H$10)*LN(1+$I$10*$B10)/LN(1+$I$10)+$H$10*$B10) -> 0.030894234 | E10: =IF($I$11=0,$B10,(1-$H$11)*LN(1+$I$11*$B10)/LN(1+$I$11)+$H$11*$B10) -> 0.054925176 | G10: 2 | H10: =INDEX(Parameters!$C$7:$H$11,$H$6,3) -> 0.25 | I10: =INDEX(Parameters!$C$7:$H$11,$H$6,4) -> -0.55
B11: 0.05 | C11: =IF($I$9=0,$B11,(1-$H$9)*LN(1+$I$9*$B11)/LN(1+$I$9)+$H$9*$B11) -> 0.016244833 | D11: =IF($I$10=0,$B11,(1-$H$10)*LN(1+$I$10*$B11)/LN(1+$I$10)+$H$10*$B11) -> 0.038691235 | E11: =IF($I$11=0,$B11,(1-$H$11)*LN(1+$I$11*$B11)/LN(1+$I$11)+$H$11*$B11) -> 0.068350395 | G11: 3 | H11: =INDEX(Parameters!$C$7:$H$11,$H$6,5) -> 0.1 | I11: =INDEX(Parameters!$C$7:$H$11,$H$6,6) -> 1
B12: 0.06 | C12: =IF($I$9=0,$B12,(1-$H$9)*LN(1+$I$9*$B12)/LN(1+$I$9)+$H$9*$B12) -> 0.019590868 | D12: =IF($I$10=0,$B12,(1-$H$10)*LN(1+$I$10*$B12)/LN(1+$I$10)+$H$10*$B12) -> 0.046518278 | E12: =IF($I$11=0,$B12,(1-$H$11)*LN(1+$I$11*$B12)/LN(1+$I$11)+$H$11*$B12) -> 0.081657838
B13: 0.07 | C13: =IF($I$9=0,$B13,(1-$H$9)*LN(1+$I$9*$B13)/LN(1+$I$9)+$H$9*$B13) -> 0.022970783 | D13: =IF($I$10=0,$B13,(1-$H$10)*LN(1+$I$10*$B13)/LN(1+$I$10)+$H$10*$B13) -> 0.054375707 | E13: =IF($I$11=0,$B13,(1-$H$11)*LN(1+$I$11*$B13)/LN(1+$I$11)+$H$11*$B13) -> 0.094849717
B14: 0.08 | C14: =IF($I$9=0,$B14,(1-$H$9)*LN(1+$I$9*$B14)/LN(1+$I$9)+$H$9*$B14) -> 0.026385271 | D14: =IF($I$10=0,$B14,(1-$H$10)*LN(1+$I$10*$B14)/LN(1+$I$10)+$H$10*$B14) -> 0.062263869 | E14: =IF($I$11=0,$B14,(1-$H$11)*LN(1+$I$11*$B14)/LN(1+$I$11)+$H$11*$B14) -> 0.10792818
B15: 0.09 | C15: =IF($I$9=0,$B15,(1-$H$9)*LN(1+$I$9*$B15)/LN(1+$I$9)+$H$9*$B15) -> 0.029835046 | D15: =IF($I$10=0,$B15,(1-$H$10)*LN(1+$I$10*$B15)/LN(1+$I$10)+$H$10*$B15) -> 0.070183119 | E15: =IF($I$11=0,$B15,(1-$H$11)*LN(1+$I$11*$B15)/LN(1+$I$11)+$H$11*$B15) -> 0.12089532
B16: 0.1 | C16: =IF($I$9=0,$B16,(1-$H$9)*LN(1+$I$9*$B16)/LN(1+$I$9)+$H$9*$B16) -> 0.033320847 | D16: =IF($I$10=0,$B16,(1-$H$10)*LN(1+$I$10*$B16)/LN(1+$I$10)+$H$10*$B16) -> 0.078133819 | E16: =IF($I$11=0,$B16,(1-$H$11)*LN(1+$I$11*$B16)/LN(1+$I$11)+$H$11*$B16) -> 0.13375317
B17: 0.11 | C17: =IF($I$9=0,$B17,(1-$H$9)*LN(1+$I$9*$B17)/LN(1+$I$9)+$H$9*$B17) -> 0.036843432 | D17: =IF($I$10=0,$B17,(1-$H$10)*LN(1+$I$10*$B17)/LN(1+$I$10)+$H$10*$B17) -> 0.086116336 | E17: =IF($I$11=0,$B17,(1-$H$11)*LN(1+$I$11*$B17)/LN(1+$I$11)+$H$11*$B17) -> 0.14650371
B18: 0.12 | C18: =IF($I$9=0,$B18,(1-$H$9)*LN(1+$I$9*$B18)/LN(1+$I$9)+$H$9*$B18) -> 0.040403587 | D18: =IF($I$10=0,$B18,(1-$H$10)*LN(1+$I$10*$B18)/LN(1+$I$10)+$H$10*$B18) -> 0.094131042 | E18: =IF($I$11=0,$B18,(1-$H$11)*LN(1+$I$11*$B18)/LN(1+$I$11)+$H$11*$B18) -> 0.15914886
B19: 0.13 | C19: =IF($I$9=0,$B19,(1-$H$9)*LN(1+$I$9*$B19)/LN(1+$I$9)+$H$9*$B19) -> 0.044002121 | D19: =IF($I$10=0,$B19,(1-$H$10)*LN(1+$I$10*$B19)/LN(1+$I$10)+$H$10*$B19) -> 0.10217832 | E19: =IF($I$11=0,$B19,(1-$H$11)*LN(1+$I$11*$B19)/LN(1+$I$11)+$H$11*$B19) -> 0.1716905
B20: 0.14 | C20: =IF($I$9=0,$B20,(1-$H$9)*LN(1+$I$9*$B20)/LN(1+$I$9)+$H$9*$B20) -> 0.047639872 | D20: =IF($I$10=0,$B20,(1-$H$10)*LN(1+$I$10*$B20)/LN(1+$I$10)+$H$10*$B20) -> 0.11025855 | E20: =IF($I$11=0,$B20,(1-$H$11)*LN(1+$I$11*$B20)/LN(1+$I$11)+$H$11*$B20) -> 0.18413044
B21: 0.15 | C21: =IF($I$9=0,$B21,(1-$H$9)*LN(1+$I$9*$B21)/LN(1+$I$9)+$H$9*$B21) -> 0.051317703 | D21: =IF($I$10=0,$B21,(1-$H$10)*LN(1+$I$10*$B21)/LN(1+$I$10)+$H$10*$B21) -> 0.11837214 | E21: =IF($I$11=0,$B21,(1-$H$11)*LN(1+$I$11*$B21)/LN(1+$I$11)+$H$11*$B21) -> 0.19647048
B22: 0.16 | C22: =IF($I$9=0,$B22,(1-$H$9)*LN(1+$I$9*$B22)/LN(1+$I$9)+$H$9*$B22) -> 0.055036508 | D22: =IF($I$10=0,$B22,(1-$H$10)*LN(1+$I$10*$B22)/LN(1+$I$10)+$H$10*$B22) -> 0.12651948 | E22: =IF($I$11=0,$B22,(1-$H$11)*LN(1+$I$11*$B22)/LN(1+$I$11)+$H$11*$B22) -> 0.20871232
B23: 0.17 | C23: =IF($I$9=0,$B23,(1-$H$9)*LN(1+$I$9*$B23)/LN(1+$I$9)+$H$9*$B23) -> 0.058797209 | D23: =IF($I$10=0,$B23,(1-$H$10)*LN(1+$I$10*$B23)/LN(1+$I$10)+$H$10*$B23) -> 0.13470097 | E23: =IF($I$11=0,$B23,(1-$H$11)*LN(1+$I$11*$B23)/LN(1+$I$11)+$H$11*$B23) -> 0.22085768
... B106: 1 | C106: =IF($I$9=0,$B106,(1-$H$9)*LN(1+$I$9*$B106)/LN(1+$I$9)+$H$9*$B106) -> 1 | D106: =IF($I$10=0,$B106,(1-$H$10)*LN(1+$I$10*$B106)/LN(1+$I$10)+$H$10*$B106) -> 1 | E106: =IF($I$11=0,$B106,(1-$H$11)*LN(1+$I$11*$B106)/LN(1+$I$11)+$H$11*$B106) -> 1
